URL,Category,Title
https://cdnb.artstation.com/p/assets/images/images/087/392/889/large/azzurro-batic-screenshot-2025-04-19-at-8-32-11-pm.jpg?1745667581,JETTY ROAD BRIGHTON,Billy's Gate
https://cdna.artstation.com/p/assets/images/images/087/254/808/large/azzurro-batic-img-1423.jpg?1745324573,JETTY ROAD BRIGHTON,Community Chest Mural
https://cdna.artstation.com/p/assets/images/images/043/484/468/large/azzurro-batic-azzy-batic-mural-1.jpg?1637402777,TEA TREE PLAZA INTERCHANGE,Main Walkway
https://cdna.artstation.com/p/assets/images/images/087/256/508/large/azzurro-batic-d32c8d81-76bd-4543-ab02-7cb6d941d848.jpg?1745327800,TEA TREE PLAZA INTERCHANGE,Main Walkway Detail
https://cdna.artstation.com/p/assets/images/images/087/153/448/large/azzurro-batic-robbs-mural-insta-snap.jpg?1745023759,ADELAIDE SKYLINE,Mural
https://cdnb.artstation.com/p/assets/images/images/087/062/003/large/azzurro-batic-bbhp-finished-fb1.jpg?1744791781,BRIGHTON BEACHFRONT HOLIDAY PARK,Seacliff Caravan Park Holiday Beach
https://cdna.artstation.com/p/assets/images/images/087/062/004/large/azzurro-batic-bbhp-finished-fb2.jpg?1744791784,BRIGHTON BEACHFRONT HOLIDAY PARK,Brighton
https://cdna.artstation.com/p/assets/images/images/087/062/006/large/azzurro-batic-bbhp-finished-fb3.jpg?1744791787,BRIGHTON BEACHFRONT HOLIDAY PARK,Brighton
https://cdnb.artstation.com/p/assets/images/images/087/062/009/large/azzurro-batic-bbhp-finished-fb4.jpg?1744791791,BRIGHTON BEACHFRONT HOLIDAY PARK,Brighton
https://cdnb.artstation.com/p/assets/images/images/087/153/465/large/azzurro-batic-adelaide-city-print-square-web.jpg?1745023791,ADELAIDE SKYLINE,Concept


